{"Balanced Accuracy (mean recall)": 0.9666666666666667, "Specificity": 0.9743589743589745}