{"Balanced Accuracy (mean recall)": 0.8604193899782134, "Standard Deviation": 0.06779619330072152}{"Balanced Accuracy (mean recall)": 0.9666666666666667, "Specificity": 0.9743589743589745}